,Unnamed: 0,smiles,expt,calc,id
0,441,CN(C)C(=O)Nc1ccccc1,-9.13,-11.81,00000000000001000000001000000000000000000001000000000000000000001001000000001000000101000000000000000001000000000000000000000000000000000000010000000000000000000100001000000100000010000000000000100100000000000010000000000101000010000001000001000000000010000100000000000000000110000000000000000010100000100000000000000000000000000010001000000000000000000000000001000000000000000000010000000000000000000000100000001000000100010000000000000000011000000100100000000011000000000011000000000000000000000000000000000000000000000000000000000100000000000010000000001000000000000000010000000000000000000000000000010000000000000000000000000000010000010000000100010000000000000001000000010010010000000000010000000000000000000001000100010000000000000000000100000000000000000000000000100001000000001010000010000010011000000000000000000000100000000000000000100000000100001000000000010001000000000000100110000010000000000000000000000010000100000000000010000000000000000000000001000000000000000100000000100001000000000000000000000000001000000010000000000000100000000010000100000000000000000001000010000000000010000000000001000000000000000000000000000000001100000001100000000000000000000000010000000000000000000000000001001000000000000000000000000100000000000100000000000000000000000000001010000001010000010000000000000000000000000000000001000010000000000100000000001000000000000000000000000000000000000000000000010001001000000001000000000100000000000000000001000000000000000001000000000000000000000000000000000000100010000000010000000000000100000000000000000000000010000100000000000000000000000000000000000000000000000000100000000000000000000100100000000000001100100000000000010000000000000000000000000000000000000000000000000000000001000000000000000000000001000000000000000000000000000000001000000000100000000000000000001000001000100000100000000000000000100000000000000000000000000001000000100000000000010100000000000000010100000000000010000000000000000000000000000000000000010000000000010100000000000000000000000000000000001100000000000100000010010010010101000001
1,192,c1ccc2c(c1)Oc3c(cc(c(c3O2)Cl)Cl)Cl,-4.05,-3.16,00010000100001001000100000100010010000111000000010011001110001000000000100000000000000000000010110010001100100000001000000000001000001000001000100000010010000111100001010110001010000000000101010100010000000001001000001000000001000000000000000010001000110001001101000001000100010000010001001000111100000110001010001000000001000010010001000010000000000000000000000000100001010011100000000000101000000110000000000000000000001110100010110000000000000000000101001001111100000010010010000100000100000000010010001110010000000101000000100000000000000001001001101000010000111000000000000001000000010100001000000101100110000010010100000100000010100000010001011000000010000100000011000000010000010100010000100100011010001000010000001000000000010000000000000100100000100000100000000000000000001001010000110000011000010000000100000000000100000000000110000100000011000001000001000010000111000000000101100000000010000001010000000000100010100000010000000000000000000101010001100010101011110000100000001000000010000000000100000000100010000001010000000100100001001000000000100000001000000001000010000000000000010010000000000000000000100110110000000000100011000000000000000000000101010001000010000000100000000010000000000001010000101000000100010000001110000100101001000001000000000000001000000000000000000010000001000100000000001000100000000001000000000101000001011000001100110110001000001010000010001001000000100000001100001010000000000000101000110000000010000100000000100010010000000000110010000100101000000101100000001000010000011000010000010000000000001011001100000010000000011000000000000001001000010010001010010101011000001001011000001101000001001000001001000001001001000000010110100000000100010110100000000000000000000100100000001000010000000010000011010000010000000000001000010010000000000100010100000110000010010000100110000000001000000000010000000110000000001011100000100100000010000100000000000010101010000000010000100000000010000001010001000000000000000011001000100000000100001010110000010000000000000000010001010100001000000000000011000000100000100000100
2,332,CCSCC,-1.46,0.299,00000000000000000000000000000000000000000000000100000000000000000000000000000000000000000000000000000000000000100000000000000000000000000000000000000000000000100000000000000000000000000000000000000000000000000000000000000000000000000000000000000000000000000000000000000000000000000000000000000000000000000000000000000000000000000000000000000000000000000000000000000000000000000000000000000000000000000000000000000000000000000000000000000000000000000000000000000000000000000000000000000000000000000000000000000000000000000000000000000000000000000000000000000000000000000000000000000000000000000000000000000000000000000000000000000000000000000000000100000000000000000000000000000000000000000000000000000000001000000000000000000000000000000000000000000000000000100000000000000000000000000000000000000000000000000000000000000000000000000000000000000000000000000010000000000000000000000000000000000000000000000000000000000000000000000000000000000000000000000000000000000000000000000000000000000000000000000000000000000000000000000000000000000000000000000000000000000000000000000000000000000000000000000000000000000000000000000000000000000000000000000000000000000000000000000000000000000000000000000000000000000000000010000000000000000000000000000000000000000000000000000000000000000000000000000000000000000000000010000000000000000000000000000000000000000000000000000000000000000000000000000000000000000000000000000000000000000000001000000000000000000000000000000000000000000000000000000000000000000000000000000000000000000000000000000000000000000000000000000000000000000000000000000000000000000000000000000000000000000000000000000000000000000000000000000000000000000000000000000000000000000000000000000000000000000000000000000000000000000000000000000000000000000000000000000000100000000000000000000000000000000000000000000000000000000000000000000000000000000000000000000000000000000000000000000000000000000000000000000000000000000000000000000010000000000000000000000000000000000000000000000000000000000000000000000000000000000000000000000000000000000000
3,362,C([C@@H]1[C@H]([C@@H]([C@H]([C@@H](O1)O)O)O)O)O,-25.47,-18.095,10000100000010100000100110010010000000010010000000000000100100000000000001001000000000000001001001000100000001000101000001100000000000000000000011001010000010100000000000000100000101010000010000000011001000010000000001000100010001000000000000000000010100100000000010000001000001000010001010000000000000000000100010001100000000000000000010000000000000100000100000000000000010000000000001101001010000000000000110001000001000000000000010000000001010000000000011000000010000000000000000100000000100000000101001000000010000000000000000000001010000100100000000000010001000001000001000010000100000100000100001000000000001010000011100000001000100001000000000001000010000000001000000000010000000000100000000000000000011000000010000000000000100001000000000010000000000000000100000000000001000000100001000000101000100000000010100010101000100000010010000000000000000001001000000000000000100000010001000000000000000100001000000000000001000001100000101000000000000000100100010000000010100000000000101100000000000000110000000000000000000000000000000000000001000010000000000000000000100000001100011000000000000000001010000001010000010100100001001100000001000000000010000000110101100000000000000000001000000000000000001100100000000100000000000000000010000000000011000000001000000000010000010000000000000010000000000101000000011000001100000100000000000100001000000000001100000010001000000010010000000000000000100001001000000010000000000100000110000000000000000000001000000010000100000000000010010000000001100000000010100000010000000100001000000100000001001110000000000010110101000000000000101000000000100000000001001000001000110000000100000010000000000010001000001000000000000000000000000000000000000000010000100000010000000100000000000000000000110000000000000101000000000000000000000000000101000110010000100000000010000000001000101000100000000000010000000000010010000000010000000000000010000000101000000000000000000001010001000000000000000000011000000000000010000000000101010001010000010000000000001000000000000000000000001100100101000000000100000000001100000010000
4,465,c1ccc(cc1)O,-6.6,-5.707000000000002,00000000000000000000000000000000000000000000000000001000000000000000000000000000000000000000000000000001000000000000000000000000000000000000000000000000000000000100000000100000000000000000000000100000000000001000000000000000000000000000000000000000000000000000000000000000000000000000000000000010000000000000000000000000000000000010000000000000000000000000000000000000000000000000000000000000000000000000000000000000000000000000000000000000000000000000000000000100000000010000000000000000000000000000000000000000000000000000000000000000000000000000000000000000000000000000000000000000000000000000000000000000100000000000000000000000000000000000000010000000000000000000000000000000000000000000000000000000000000000000000000000000000000000000000000000000000000000000000000000000000000000000000010000000000000000000000000000000000000000000010000100000010000000000000000000000000000000000000000000000000000000000000000000000010000000000000000000000000000001010000100000000000000000000000000000000000000000000000000000000000000000010000000000000000000000000000000000000000000000000000000000000000000000000000000000000000000000000000000000000000000000000000000000000000000000000000000000000000000000000000000000000000000000000000000000000000000100000000000000000000000000000000000000000000000010000000000000000000000000000000000000000000000000000001000000000000000000001000000010000000000000000000000000000100000000000000000000000000000000000000000000000000100000000000000000000000000000000000000000000000001000000000000000000000000000000000000000000000000000000000000000000000000000000000000010000000000000000000000000000000000000000000000000000000000000000000000000000000000000000100000000100000000000000000000000000000000000000000000000000000000000010000000000000000000000000000000000000100000000000000000000000000000000000000000000000000000000000000001000000000000000000000000000000000000000100000000000000000100000000000000000000000000000000000000000000000000000000000000000010000000000000000000000000000000000000000000000000000000000000000000000000
5,428,c1c(c(=O)[nH]c(=O)[nH]1)F,-16.92,-16.371,10000101000000000000000000000000000000000000000000000000010000000000000000000100000000000000000000100100100000000010011000000010000000001000100000000000100000000100000000000100000000000001000000100000000000000000001000000000000000000000000000000000000000000001000010000000000000000000100000001010001010000000000000000001000000000010000000100000000000100000000000000001010000000000000100001000000001000000000100000000000000000000000000100000000100000010000000000000000000000000100000000000000000001010000100000010000000001000000000100000000000000100000000000000000000000000000000100000000000000010000000000001000010010000000000000110010000000000000000000000000000100000010000000000100010000000000000000000000000000000100000000000000000000000001000000010000000000010000000000000000010001000000000000000000000000000000000010000001010000000101010110000000000000010000010000000001000000100000000000000000000000100000100000100100000000100000000000000000000000000110000000000000000000000000001100000000000000000000000001100001000000011000000000000100000000000000010001000100000000000000000000000100001000000000000000001000000000001001000000000000000010001000000000000000010010001000001000000000000000000100000000001000000000010000000000000000000000001001000001110000000101101000000000000100000000000000000100000000000000000000000000000000000000000000011000000000000000000000000000100010000000000000000000000100000000000000010000000100000000000000000000000000000000100000000000000000000000001000000000010000001000000000001010000000000000000000011000000000000000000000000000000100000100100100000010010000000000000001000000000000000000000000001000000000000000000000010000000000100000000000000000000100000000000000101100000000000000100000000100000000010000000100100100101000000000000000110000000001100000000000000010100010000000000000000001000000000100000000000000000000000110110100000100000000000100000000000000000000000001100000001000000000000000000001010001000000100001000000000001000000000010010000001000000000010000000000001000010100000000000000000000001
6,128,COc1c(cc(c(c1O)OC)Cl)Cl,-6.44,-5.98,00010000100000001000100000100001000110000000100000111000000010010000000000000000001000000000000010000001000000000000000000000001000001000000000000000000000000100100011010100000010000000000100000100010000000001000000100000000000000000000000000100001000100001010011000001000100000000000000000000011000010110000000000000000000000000011000000000000000000000000000000000010000000001000000000100011100001100000000100000000000001010010000010000101000100000000000000100111100000011010000001110010101000000010010001000010010000101000000100000000000000000001001000000000001001000000000000011000000010000000001101100000100000000010100000110000010100000010000010000000010000010000001000101000001000010000000000000000000000000000000000000000000000100000000000000000100100000100000000000000000000000010001110101001000000000001000000000000100000100000110010110000010000001100000000100000000000000000101010000010000000000000000000000000010001000100000000000000000000101010001100000010000000000110000101000001000001000000100000000100101000000010000000100000001011000000000100000000000000000100000000001000000000000000000000000000000101010010000000010000001101000000000000000000001000000000000001000000000000000000001000001000000001000000000000000000101000100001000000001000000000000001000000000000000000010001000010000000000000000000000010000000000000001001001010000000100000100001000000010101000000000000000100000000100001000000000000010000000110000000000000000000000100000011000000000110000000100001000000101000000001000000000011000000000000010100000001001001000000000000000001000001000000000000000010110001010010100011000100000000000000000000000001000000000000001000100000000000000100010000100010100100000000010010000000000000000000100011000000000000100000000010001000000000000000010010000000100000100000010000010010000110100001000001000000000000000001000000000001001100000000000000000000000000000001000100000000000010100100110000010000000010010000001000000010010000000100000000000001000010000010000000000000000010001010010001000000000000011000000000000000000000
7,323,c1cc(ccc1C#N)O,-10.17,-8.39,00000000000000000000000000000000001000000000000000101000000000000000000000000000000000000000000000000001000000000000000000000000000000000000000000100000000000000100000000100000100000000000000000100100000000001000000000000000000000000000000000000000100000000000000000000000000000000000000100000110000000000100000000000000000000000010000001000000000000000000000000000000000000000000000000000000000000000000000000010000000000000000000000100000010100000000000000000100000000010001000000000000000000000000000000000000000000000000000000000000000000000000000000000000000000000000000000000000000000000000000000000000100000000000000000000000000000010000000010000000000000000000000000000000000000000000000000000000100000000000000000000000001000000100000010000000000010000000000000000000000000000000000010000010000000000000010000001000000000100000010000100000010000110000000000000000010000000000000000000000000000000000000000000000010000001010000000000000001000001010000100000000000000000100000000000000000000000000000000000100000000000010000000000000000000000000000000001000100000000000000000000000000000000000000000000000000000000000000000000000000000000000000000000000000000000000001000000000000000000000000000000000000000000001000000000000000000100000000000000000000000000000000000010000000100010000000000000000000000000001000010010010000001001010001100000000000000000001000000010000000000000000000000000000100000000000000000000000000000000000000000000100000100001000000000000000000000000000000000000000000001000000000000000000000000000000000000000000010000000100000000000000000010000100000000010000000000000000000000000000000000000000000000000000000000100000000000000000000000000000100000000100000010100001000000000000000000000000000000000000000000000010000001000000000000000000000000000000100000000000000000000010000000001000000010000000000000000000000001000000000000000000000010000001000000001100000000000000000101000000000000000000000000000000010000000000000000000000000000000010000000000000000000000000000000000000000000000000000100000000010000000000
8,341,CCCCCC#C,0.6,0.639,00000000000000000000000000000000000000000000000000000000000001000000000000000000000000000000000000000000000000000000000000000000001000000000000000001000000000000000000000000000000000000000000000000000000000000000000000001000000000000000000000000000000000000000000000000000000000000000000000000000000000000000000000000000000000000000000000000000000000000000000000000000000000000000000000000000000000000000000000000000000000000000000000000000000000000000010000000000000000000000000000000000000000000000000000000000000000010000000000000000000000000000000000000000000000000000000000000000000000000000000000010000000000000000000000000000000000000000000000000000000000000000000000000000000000000000000000000000000001000000000000000000000000000000000000000000000000000000000000000000000000000000000000000000000100000000000000000000000000000000000000000000000000000000000000000000000100000000000000000000010000000000000000000100000000000000000000000000000000000000000000000000000000000000000000000000000000000000000000000000000000000000000000000000000000000000000000000000000000000000000000000000000000000000000000000000000000000000000000000000000000000000000000000000100000000000000000000000000000000000000000000000000000000000000000000000000000000000000000000000000000000010000000000000000000000000000000000000000010000000000000000000000000000000000000000000000000000000000000000000000000000000000000000000000000000000000000000000000000000000000000000000000000000000000000000000000000000000000000000000000000000000000000000000000000000000000000000000000000000000000000000000000000000000000000000000000000000000000000000000000000000000000000000000000010000000000000000000000000000000000000000000100000000000000000000000000000000000000000000000000000000000000000000000000000000000100000000000000000000000000000000000000001000100000000000000000000000000000000000000000000000000010000000000000000000000000000000000000000000000000000000001000000000000000000000000000000000000000000000000000000000000000000000000000000000000000000000000000000000000000000000000
9,152,C(CO)O,-9.3,-7.266,00000000000000000000000000000000000000000000000000000000000000000000000000000000000000000000000000000000000000000000000000000000000000000000000000000000000000000000000000000000000000000000000000000000000000000000000000000000000000000000000000000000000000000000000000000000000000000000000000000000000000000000000000000000000000000000000000000000000000000000000000000000000000000000000000000000000000000000000000000000000000000000000000000000000010000000000000000000000000000000000000000000000000000000000000000000000000000000000000000000000000000000000000000000001000000000000000000000000000000000000000000000000000000000000000000000000000000000000000000000000000000000000000000000000000000000000000000000000000000000000000000000000000000000000000000000000000000000000000000000000000000000000000000000000000000000000000000000000000000000000000000000000000000000000000000000000000000000000000000000000000000000000000000000000000000000000000000000000000000000000000000000000000000000000000000000000000000000000000000000000000000000000000000000000000000000000000000000000000000000000000000000000000000000000000000000000000000000000000000000000000000000000000000000000000000000000000000001000000000000000000000000000000000000000000000000000000000000000000000000000000000000000000000000000000000000000000000000000010000000000000000000000000000001000000000000000000000000000000000000000000000000000000000000000000000000000000000000000000000000000000000000000000000000000000000000000000000000000000000000000000000000000000000000000000000000000000000000000000000000000000000000000000000000000000000000000000000000000000000000000000000000000000000000000000000000000000000000000000000000000000000000000000000000000000000000000000000000000010000000000000000000000000000000000000000000100000100000000000000000000000000000000000000000000000000000000000000000000000000000000000000000000000000000000000000000000000000000000000000000000000000000000000000000000000000000000000000000000000000000000000000000000000000000000000000000000000000000000000000000000000000000
10,587,CC(C)OC=O,-2.02,-3.591,00000000000000000000000000000000000000000000000000000000100000000000000000000000000000000000000000000000000000000000000001000000000000000000000000000000000000000000000000000000000000000000000000000000000000000000000000000000000001000000000000000000000000000000000000000000000000000000000000000000000000000000100000000000000000000000000000000000000000000000000000000000000000000000000000000001000000000000000000000000000000000000000100010000000000000000000000000000000000000000000000000000000000000000000000000000000000000000000000000000000000000000000000000000001000000000000000000000000000000000000000000000000000000010000000000000000000000000000000000000000000000000000000000000000000000000000000100000000001000000000000000000000000000000000000000000000000000000001000000000000000000000000000000000000000000000000000000000000000000000000000000000000000000000000000000000000000000000000000000000000000000000000000000000000000000100000000000000000000000000000000000000000000000010000000000000000000000000000000000000000000000000000000000000000000000000000000000000000000000001000000000000000000000000000000000000000000000000000000000000000000000000000000000000000000000000000000000001000000000000000000000000000000000000000000000000000000000000000000000000000000000000000000000000000000000000000000000000000010000000000000000000000000000001000000000000000000000000000000000000000000000000000000000000000000000000000000000000000000000000000000000000000000000000000000000000000000000000000000000000000000000000000000000000000000000000000000000000000000000000000000000000000000000000000000000000000000000000000000000000000000000000000000000000000000000000000000000000000000000000000000000000000000000000000000000000000000000000000010000000000000000000000000000000000000000000101000000000000000000000000000000000000001000000000000000000000000000000000000000000000000000000000000000000000000000000000000000000000100000000000000000000000000000000010000000000000000001000000000000000000000000000000000000000000000010000000000000000000000000000000000000000
11,632,Cc1cccc2c1cccc2,-2.44,-3.212,00000000000000000000000001000000010000000000000000000001000001000000000000000000000000000000000000010001010000000000000010000000000000000000000000000000000000000100000000000000000000000000000001100000000000000000000000000000000000000000000000000000000001000000000000000000001000100100000000000010000000000010000000000000000000000011000000000000001000000000000000000000000000000000000000000000000000000001000000000000000000000000000000000000010000000000010000000000000000000000000000000000000000000010000100000000000000000000000000000000000000000000000000000000100000000000000000000000000000000000000000010000000000000000000000000000000000000000000000000001000000000000000000000000000000000000011000000000100100000000000100000000000010000010000010000010000000000000000000000000001101001000000010000001000000000000000000000000000000100000000000100000000000110000001001001000000010000000000000000000000000000000000000000000000000000010010000000000000000000000010000000000000000000100000000000000000000000000000000000100000000000010000000000000000000000000000000001000100000000000000000000000000000000000000001000000000000000000000000000100000000000000000000000000000000000000000000000000000000000000100000000000000000000001000000000000000000000000000000000000000000000000000000000000000000011000000000000000010000000000100000000000000001000010000001000000000000000000010000000000000000000001000000000000000000000000000000000000000000001000000000000000000000001000000000000000000000000000000000001011000000000000000000000000000000000000000000000000010000000100010000000000000000000100000000000000000000000000000000001010000000000000000000100000000000000010000000001000000000000000000000000100000000000101000000000000000000000000000100000000000000000000000000000000000000000000000000000000100000000000000000000010000000001000000000000000000000000000000000000000000001000000000010001000000000001101000000000000000101000000000000000000000000000000010000000000000000000000000000000001100000000000000000000000000000000000000000000000001000000000000000000000
12,500,c1(c(c(c(c(c1Cl)Cl)Cl)Cl)Cl)N(=O)=O,-5.22,-1.284,00000000001000000000101000000000000010000001000100000000111000000010000100000000000100000000001110001101000000000000001000000001000001000001000001000000000000101100000010110000000001000001110010111100010000001000000000000011000010000010000001000100000010001000001001001000001010000110000000000110000000100100000001001000000100011010000000000100010000000000000000010000000010010000010001000000001000100000000000000000100000100000000010000000000000000000110000000011000000000001000100000100100010000010110010110010000010101100000000000000000000001010000000001000100001000000010000001000110000000000010000100000000000000000100110010000000000010000000100010010000010000000001000000001000001000101000000000011101000010100000010000100000000001100001000000100000000000100000001000000000000011110000010100011000100000000000000000010001000101110100111100000101000000000000000000000001000000000000000000000100001010010101000000000000000001111000000000000000100100100000100000000000000000101000001000001001100110000100000000110100010001010000000010100000000000010010000000101010000100000000000000010100000000000000011000100000010000000000000000001000000000000101010000000011000001000000001001100000000001100001101000101000010000000000000000000010000000000000000100000000000000111001000000111000001010000000000001000100001000000000000000000000000000000110000000001010001000000000000000000000000000000000001010000000000000000000000000011000000110000000000000000010100000100110001001000001000100000000000000000100001000000000100000000101100000101000001101000000010000100010011100000000000000000110010000000000010110001000000000010000001000010010001110000000000000000000000001000000100000000001000000110001000001000010000100000000000000000000000000110010111100000000000000000000000000000001000000000101100000100000010100000101000101000100000000110000000110000010101000000000000000001000000100100000000000100000000000000010100000000100000001000000000000101000000000001000101000001000001000010000010000100010000000010000010100010010000000100001100000000010100000010
13,443,C1C=CC[C@@H]2[C@@H]1C(=O)N(C2=O)SC(Cl)(Cl)Cl,-9.01,-8.718,01000000100000010000010011010000001000010110010000010000000000000000010011001000000010001000000010000100001001001000000001110000100000000010000001011101100110000000111000001100000010000100000100000110000001001000100000000000000110000001000010000100010100000001011000001100001000000100010000001000000000011001100011000100000000001100000011000000010000010001011001000000001010000010000000011010100000000000000000001100000000000000010000001001101010000011000000000110011001000010000000000000000001000100110101000110000000010000100010000000000000001000100000000010100000110100001000000010011001001011101010010000001000110101001000000000010100100000000011000010000000110010010000100100100000000000011000100001011001001000100000001011000010010011000000000010100101100000101001101000010101000001001000010000001110011001100010100000000000000100001110000001000000000000100000000010000110000100001100010010001001000000000001000100010000110010010000011000000000000000101000110100001100010000000010000100010100000000000001010100011110011000010000010000100100001000011010000000101000000001110001000000111000001000000101001010000000101101101000000000000100110010101100011010010100100010000111000001000111000111000001000000000010001000000110000010011000000000000010000100000001000010000010000010100010010000100000111001000110000000000011000100010010011001001001101001010000000001000001000100011000000000001100000000000001000010000000000011100010101000010000000101000110000001011101000100100100101000001000110011100000001100100001000000000001010100000000010000000000000000010000010000000011001000001101000010010001010010000000000000100100000000001000110000100100010010011001100000000011010000010000000000000010010000000100001101110001100000001001000001100000100011000010000001100000000001100000001010110001010000001000000001110001001110011010010000010001000000000000000000101000000011011000011000000010010010100100011100000101011000010100000001100000000001000100000000000011000010000010100100001000100000010001010010100000000000000000011000011000000000001001100111
14,10,C(Br)Br,-1.96,-0.405,00000000000000000000000000000000000000000000000000000000000000000000000000000000000000000000000000000000000000000000000000000000000000000000000000000000000000000000000000000000000000000000000000000000000000000000000000000000000000000000000000000000000000000000000000000000000000000000000000000000000000000000000000000000000000000000000000000000000000000000000000000000000000000000000000000000000000000000000000000000000000000000000000000000000000000000000000000000000000000000000000000000000000000000000000000000000000000000000000000000000000000000000000000000000000000000000000000000000000000000000000000000000000000000000000000000000000000000000000000000000000000000000000000000000000000000000000000000000000000000000000000000000000000000000000000000000000000000000000000000000000000000000000000000000000000000000000000000000000000000000000000000000000000000000000000000000000000000000000000000000000000000000000000000000000000000000000000000000000000000000000000000000000000000000000000000000000000000000000000000000000000000000000000000000000000000000000000000000000000000000000000000000000000000000000000000000000000000000000000000000000000000000000000000000000000000000000000000000000000000000000000000000000000000000000000000000000000000000000000000000000000000000000000000000000000000000000000000000000000000000000000000000000000000000000000000000000000000000000000000000000000000000000000000000000000000000000000000000000000001000000000000000000000000000000000100000000000000000000000000000000000000000000000000000000000000000000000000000000000000000000000000000000000000000000000000000000000000000000000000000000000000000000000000000000000000000000000000000000000000000000000000000000000000000000000000000000000000000000000000000000000000000000000000000000000000000000000000000000000000000000000000000000000000000000000000000000000000000000000000000000000000000000000000000000000000000010000000000000000000000000000000000000000000000000000001000000000000000000000000000000000000000000000000000000000000000000000000000000000000000000000000
15,140,C1CC1,0.75,2.485,00000000000000000000000000000000000000000000000000000000000000000000000000000000000000000000000000000000000000000000000000000000000000000000000000000000000000000000000000000000000000000000000000000000000000000000000000000000000000000000000000000000000000000000000000000000000000000000000000000000000000000000000000000000000000000000000000000000000000000000000000000000000000000000000000000000000000000000000000000000000000000000000000000000000000000000000000000000000000000000000000000000000000000000000000000000000000000000000000000000000000000000000000000000000000000000000000000100000000000000000000000000000000000000000000000000000000000000000000000000000000000000000000000000000000000000000000000000000001000000000000000000000000000000000000000000000000000000000000000000000000000000000000000000000000000000000000000000000000000000000000000000000000000000000000000000000000000000000000000000000000000000000000000000000000000000000000000000000000000000000000000000000000000000000000000000000000000000000000000000000000000000000000000000000000000000000000000000000000000000000000000000000000000000000000000000000000000000000000000000000000000000000000000000000000000000000000000000000000000000000000000000000000000000000000000000000000000000000000000000000000000000000000000000000000000000000000000000000010000000000000000000000000000000000000000000000000000000000000000000000000000000000000000000000000000000000000000000000000000000000000100000000000000000000000000000000000000000000000000000000000000000000000000000000000000000000000000000000000000000000000000000000000000000000000000000000000000000000000000000000000000000000000000000000000000000000000000000000000000000000000000000000000000000000000000000000000000000000000000000000000000000000000000000000000000000100000000000000000000000000000000000000001000000000000000000000000000000000000000000000000000000000000000000000000000000000000000000000000000000000000000000000000000000000000000000000000000000000000000000000000000000000000000000000000000000000000000000000000000000000000000000
16,84,CCCC,2.1,2.588,00000000000000000000000000000000000000000000000000000000000000000000000000000000000000000000000000000000000000000000000000000000000000000000000000000000000000000000000000000000000000000000000000000000000000000000000000000000000000000000000000000000000000000000000000000000000000000000000000000000000000000000000000000000000000000000000000000000000000000000000000000000000000000000000000000000000000000000000000000000000000000000000000000000000000000000000000000000000000000000000000000000000000000000000000000000000000000000000000000000000000000000000000000000000000000000000000000000000000000000000000000000000000000000000000000000000000000000000000000000000000000000000000000000000000000000000000000000000001000000000000000000000000000000000000000000000000000000000000000000000000000000000000000000000000000000000000000000000000000000000000000000000000000000000000000000000100000000000000000000000000000000000000000000000000000000000000000000000000000000000000000000000000000000000000000000000000000000000000000000000000000000000000000000000000000000000000000000000000000000000000000000000000000000000000000000000000000000000000000000000000000000000000000000000000000000000000000000000000000000000000000000000000000000000000000000000000000000000000000000000000000000000000000000000000000000000000000000000010000000000000000000000000000000000000000000000000000000000000000000000000000000000000000000000000000000000000000000000000000000000000000000000000000000000000000000000000000000000000000000000000000000000000000000000000000000000000000000000000000000000000000000000000000000000000000000000000000000000000000000000000000000000000000000000000000000000000000000000000000000000000000000000000000000000000000000000000000000000000000000000000000000000000000000000000000000100000000000000000000000000000000000000001000000000000000000000000000000000000000000000000000000000000000000000000000000000000000000000000000000000000000001000000000000000000000000000000000000000000000000000000000000000000000000000000000000000000000000000000000000000000000000
17,572,CCCCCO,-4.57,-3.054,00000000000000000000000000000000000000000000000000000000000000000000000000000000000000000000000000000000000000000000000000000000000000000000000000001000000000000000000000000000000000000000000000000010000000000000000000000000000000000000000000000000000000000000000000000000000000000000000000000000000000000000000000000000000000000000000000000000000000000000000000000000000000000000000000000000000000000000000000000000000000000000000000000000000000000000000000000000000000000000000000000000000000000000000000000000000000000000000000000000000000000000000000000000001000001000000000000000000000000000000000000000000000000000000000000000000000000000000000000000000000000000000000000000000000000000000000000000000001000000000000000000000000000000000000000000000000000000000000000000000000000000000000000000000000000000000000000000000000000000000000000000000000000000000000000000000100000000000000000000000000000000000000000000000000000000000000000000000000000000000000000000000000000000000000000000000000000000000000000000000000000000000000000000000000000000000000000000000000000000000000000000000000000000000000000000000000100000000000000000000000000000000000000000000000000000000000000001000000000000000000000000000000000000000000000000010000000000001000000000000000000000000000000000000000000000000000000000000010000000000000000000000000000001000000000000000000000000000000000000000000000000000000000000000000000000000000000000000000000000000000000000000000000000000000000000000000000000000000000000000000000000000000000000000000000000000000000000000000000000000000000000000000000000000000000000000000000000000000000000000000000000000000000000000000000000000000000000000000000000000000000000000000000000000000000000000000000000000010000000000000000000000000000000000000000000100000000000000000000000000000000000000001000100000000000000000000000000000000000000000000000000000000000000000000000000000000000000000000000000000000000001000000000000000000000000000000000000000010000000000000000000000000000000000000000000000000000000000000000000000000000000
18,529,C=CCO,-5.03,-3.286,00000000000000000000000000000000000000000000000000000000000000000000000000000000000000000000000000000000000000000000000000000000000000000000000000000000000000000000000000000000000000000000000000000000000000000000000000000000000000000000000000000000000000000000000000000000000000000000000000000000000000000000100000000000000000000000000000000000000000000000000000000000000000000000000000000000000000000000000000000000000000000000000000000000000000000000000000000000000000000000000000000000000000000000000000000000000000000000000000000000000000000000000000000000001000000000000000000000000000000000000000000000000000000000000000000000000000000000000000000000000000000000000000000000000000000000000000000000000000000000000000000000000000000000000000000000000000001000000000000000000000000000000000000000000000000000000000100000000000000000000000000000000000000000000000000000000000000000000000000000000000000000000000000000000000000000000000000000000000000000000000000000000000000000000000000000000000000000000000000000000000000000000000000000000000000000000000000000000000000000000000000000000000000000000001000000000000000000000000000000000000000000000000000000000000000000000000000001000000000010000000000000000000000000000000000000000000000000000000000000000000000000000000000000000000000000000000000000000010000000000000000000000000000001000000000000000000000000000000000000000000000000000000000000000000000000000000000000000000000000000000000000000000000000000001000000000000000000000000000000000000000000000000000000000000000000000000000000000000000000000000000000000000000000000000000000000000000000000000000000000000000000000000000000000000000000000000000000000000000000000000000000000000000000000000000000000000000000000010000000000000000000000000000000000000000000100000000000000000000000000000000000000000000000000000000000000000000000000000000000000000000000000000000000000000000000000000000000000000000000000000000000000000000000000000000000000000000000000000000000000000000000000000000000000000000000000000000000000000000000000000000000
19,477,C[C@@H](CCl)Cl,-1.27,-0.265,00000000000000000000000000000000000000000000000000000000100000000000000000000000000000000000000000000000000000000000000000000000000000000000000000000000000000000000000000000000000000000000000000000000000000000000000000000000000000000000000000000000000000000000000000000000000000000000000000000000000000000000000000000000000000000000000000000000000000000000000000000000000000000000000000000000000000000000000000000000000000000000000000000000000000010000000000000000000000000000000000000000000000000000000000000000000000000000000000000000000000000000000000000000000000000000000000000000000000000000000000000000000000000000000000000000000000000000000000000000000000000000000000000000000000000000000000000000000001000000000000000000000000000000000000000000000000000000000000000000000000000000000000000000001000000000000000000000000000000000000000000000000000000000000000000000000000000000000000000000000000000000100000000000000000000000000000000000000000000000000000100000000000000000000000000000000000000000000000000000000000000000000000000000000000000000000000000001000000000000000000000000000000000000000000000000000000000000000000000000000000000000000000000000000000000010000000000000000000000000000000000000000000000000000000000000000000000000000000000000000000000000000000000000000000000000000000000000000010000000000000000000000000000000000000000000000000000000000000000000000000000000000000000000000000000000000000000000000000000000000000000000000000000001000000000000000000000000000000000000000000000000000000000000000000000000000000000000000000000000000000000000000000001000000000000000000000000000000000000000000000000000000000000000000000000000000000000000000000000000000000000000000000000000000000001000000000000000000000000000000000000000000000010000000000000000100000000000000000010000000000000000000001000000000000000000000000000000000000000000000000000000000000000000000000000000000000000000000000000000000000000000000000000000000000000000000000000000000000000000000000000000000000000000000000000000000000000000000000000000000000000000
